,,t,Xv,sd.Xv,Xd,sd.Xd,rprotein,sd.rprotein,Amm,sd.Amm,Glc,sd.Glc,Lac,sd.Lac,Gln,sd.Gln,Glu,sd.Glu,Pyr,sd.Pyr,Ala,sd.Ala,Arg,sd.Arg,Asn,sd.Asn,Asp,sd.Asp,Gly,sd.Gly,His,sd.His,Ile,sd.Ile,Leu,sd.Leu,Lys,sd.Lys,Met,sd.Met,Phe,sd.Phe,Pro,sd.Pro,Ser,sd.Ser,Thr,sd.Thr,Trp,sd.Trp,Tyr,sd.Tyr,Val,sd.Val
Signif. digits,10,0,200000,2000,3345,100,0.004536209,0.001,0,0,37.2,0.282842712,0,0,0.000484808,4.51E-05,1.676831842,0.156130129,0.704060778,0.042725639,0,0,1.80831666,0.168372705,8.193560352,0.76290395,0.968719761,0.09019768,0.014596797,0.001359111,0.801060063,0.074586854,1.770702945,0.164870485,3.847690985,0.358259233,2.509188135,0.233630981,0.800548392,0.074539212,1.084055116,0.100936576,4.472005169,0.416389245,4.193678802,0.390474224,2.249111866,0.20941523,0.816473963,0.076022045,0.900856109,0.083878882,3.003963661,0.279699623
Vinitial_(L),0.05,1,427000,65337.5849,3666.666667,2081.665999,0.008104961,0.001,0.255,0.007071068,36.65,0.777817459,0.2,0.01,0.001,0.0001,1.736652811,0.089825654,0.645021,0.003675333,0.001,0,1.82277799,0.094280344,7.810680884,0.403995268,1.072504135,0.055473601,0.066261462,0.003427271,0.783237963,0.04051176,1.788670544,0.09251619,3.94458578,0.204027538,2.540446788,0.131400642,0.773452494,0.040005622,1.055747024,0.054606866,4.626957921,0.239322171,4.374897812,0.226284755,2.400741187,0.124174588,0.796265523,0.04118559,0.915323719,0.04734369,3.12064329,0.161410399
sd.Vinitial_(L),0,2,904000,38574.60304,8000,3464.101615,0.017447254,0.001,0.55,0,36.4,0,2.75,0.070710678,0.030809248,0.001926382,1.769749439,0.110655547,0.369371,0.001,0.064062119,0.004005555,1.775936252,0.111042384,7.308481908,0.456970937,1.102076024,0.068908526,0.165565299,0.010352154,0.751574298,0.046993017,1.729864959,0.108161725,3.821806283,0.238962677,2.589405589,0.161905456,0.748971749,0.046830289,1.048477995,0.06555725,4.56830797,0.285638523,4.097113904,0.256176591,2.487514997,0.155534634,0.801783908,0.050132428,0.8480531,0.053025461,3.034132714,0.189712513
tharvest_(days),14,3,1407111.111,29252.41364,2666.666667,4618.802154,0.032224347,0.001,0.985,0.007071068,45.35,0.777817459,4.85,0.070710678,0.057335502,0.002287987,3.153932191,0.125858415,0.276262556,0.001060977,0.126509731,0.005048401,2.182361616,0.08708766,13.39358346,0.534474138,1.806217993,0.072077559,0.266567109,0.010637424,0.864245313,0.034487915,2.0501243,0.081810699,4.982539002,0.198829406,3.116040909,0.124346355,0.994661769,0.039692215,1.338452024,0.053411247,4.916890652,0.196209693,5.575850372,0.222505637,2.70177028,0.107814787,0.875455771,0.034935271,1.047923139,0.041817622,3.940301321,0.157238663
sd.time_(days),0,4,3950000,266786.4314,20000,17320.50808,0.085102653,0.001,1.925,0.021213203,40.5,1.272792206,9.75,0.353553391,0.13753228,0.006510676,2.83894347,0.134393468,0.347319,0.001,0.209708396,0.009927439,2.035641089,0.096365732,11.53189483,0.545911307,1.707971365,0.080854092,0.50943019,0.024116046,0.791321467,0.037460569,1.9537596,0.092489523,4.694326951,0.222225939,2.885864854,0.136614692,0.919093596,0.043509206,1.255440327,0.059431609,4.753348123,0.225019958,4.815772649,0.227975088,2.472675805,0.11705463,0.835277381,0.039541409,0.980698556,0.046425539,3.696314605,0.174980779
# of exp reps,3,5,6875000,738664.3351,50000,25000,0.167995424,0.001,3.115,0.021213203,44.9,1.13137085,12.35,0.212132034,0.312391962,0.010661317,4.193399875,0.143112412,0.319754,0.001,0.681413012,0.023255273,2.383084759,0.081329951,16.90461847,0.576921065,2.537745513,0.086608216,0.96823838,0.033044053,0.855316516,0.029190254,1.879956291,0.064159176,4.817412226,0.164408714,2.442663487,0.083363255,0.892219066,0.030449665,1.20736468,0.041204959,4.834251047,0.16498339,6.155596152,0.210078275,2.626672593,0.08964312,0.751574537,0.025649747,1.033638298,0.035276023,3.967688416,0.135409328
required confidence (%),95,6,10136666.67,1657417.67,240000,30413.81265,0.404207709,0.001,4.94,0.254558441,36.05,0.494974747,13.85,0.636396103,0.926132722,5.60E-05,3.422666987,0.000206781,0.3241644,0.001,1.677740346,0.000101361,2.096426643,0.000126656,11.88885864,0.000718268,2.386666996,0.000144191,1.074778171,6.49E-05,0.76401352,4.62E-05,1.756813197,0.000106138,4.42969013,0.000267621,2.288436362,0.000138256,0.853050057,5.15E-05,1.109224225,6.70E-05,4.686563875,0.00028314,5.067711712,0.000306167,2.285724878,0.000138092,0.731736001,4.42E-05,0.842648111,5.09E-05,3.620861114,0.000218755
fint_(days),2,7,11150000,188745.8609,333333.3333,52041.64999,0.69610281,0.001,6.28,0.098994949,36.8,1.272792206,11,0.282842712,1.918306392,0.006737235,4.038969622,0.014185163,0.302755583,0.038906923,3.33160445,0.011700844,2.250722315,0.007904705,11.42434207,0.040123144,2.985916805,0.010486763,0.847505185,0.002976502,0.72262026,0.002537896,1.848624038,0.006492506,4.878836184,0.017134837,2.517105676,0.008840263,0.914209515,0.003210772,1.244894576,0.004372163,4.74497488,0.016664707,5.657267411,0.019868746,2.16253024,0.007594968,0.769960668,0.002704159,0.921625929,0.003236819,3.975847603,0.013963474
sd.fint_(days),0,8,10650000,993415.8243,550000,90138.78189,0.820400818,0.001,7.295,0.190918831,27.2,0.565685425,8.55,0.494974747,3.090428855,0.015879556,3.481217463,0.017887546,0.196630333,0.001,6.118041333,0.031436342,2.154114498,0.01106849,5.842246782,0.030019227,2.948132126,0.015148392,1.631186072,0.008381526,0.714008977,0.003668794,1.628586053,0.008368167,4.26665318,0.021923351,2.044954504,0.010507593,0.785617957,0.004036742,1.055921983,0.005425646,4.433332147,0.022779798,5.150758129,0.026466149,1.992088824,0.010235953,0.672126656,0.00345359,0.735155978,0.003777453,3.541759041,0.018198627
VIN_(L),0.0046,9,10541666.67,599131.3156,658333.3333,144337.5673,1.053094708,0.001,8.015,0.304055916,26.45,0.070710678,6.95,0.919238816,1.28510676,0.050601071,4.258831924,0.167691482,0.048391889,0.005907272,8.926779465,0.351491889,2.196924555,0.086503892,2.299298699,0.090534873,3.554182329,0.139945908,1.760706194,0.069327796,0,0,1.897051691,0.074696399,5.054245178,0.199010874,2.161747498,0.085118795,0.978567865,0.038531104,1.230087742,0.048434698,4.662311512,0.183578489,5.640136,0.222080322,1.736534304,0.068376028,0.03566567,0.001404336,0.809573166,0.031876939,4.225548382,0.166380943
sd.VIN_(L),0,10,8756666.667,472766.6796,838333.3333,124130.3079,1.092557232,0.175600417,9.25,0.070710678,19.35,0.777817459,5.85,0.777817459,1.350198372,0.033390985,4.16794345,0.103075028,0.004900444,0.001060977,11.15468106,0.275860045,2.10042046,0.051944298,0.768886343,0.019014889,3.510929078,0.086826781,2.341669462,0.05791049,0,0,1.819906492,0.045007068,4.813664733,0.119043993,2.022151738,0.050008679,0.923410887,0.022836347,1.114864241,0.027571071,4.599817661,0.113755463,4.675384977,0.115624275,1.283890805,0.03175117,0.015741627,0.000389297,0.68893977,0.017037776,3.996668947,0.098839337
tF_(days),0.00069444,11,8775000,463006.4794,975000,180277.5638,1.199584424,0.012518991,10.365,0.275771645,21.7,0.707106781,5.4,0.565685425,1.478295946,0.084443451,5.275413451,0.301342989,0.008575778,0.002121955,12.56238043,0.717590253,2.343280872,0.133853255,1.609061568,0.091913066,4.379973459,0.250193527,2.740149481,0.156523246,0,0,1.993582935,0.113877755,5.398803926,0.308391319,2.258375957,0.129003303,1.030488278,0.058863712,1.244744542,0.071102492,4.585200901,0.261916561,5.236274354,0.29910728,1.758685717,0.10045992,0.023231291,0.001327021,0.822132427,0.046961977,4.531763288,0.258864089
sd.tF_(days),0,12,7141666.667,525793.0518,1166666.667,125830.5739,1.473460469,0.001,11.17,0.282842712,13.45,0.494974747,6.25,0.070710678,1.477041253,0.009307855,5.16996652,0.032579521,0.004900444,0.001060977,14.64873693,0.092311785,2.334794257,0.014713147,0.577789613,0.00364105,4.348344056,0.027401912,3.38454633,0.021328358,0,0,2.072169026,0.013058165,5.580875034,0.035168939,2.364866399,0.014902653,1.04774421,0.006602558,1.29913342,0.008186735,4.830092024,0.030437738,4.419423533,0.027849833,1.626659812,0.010250704,0.013581148,8.56E-05,0.769656026,0.004850133,4.576168752,0.028837592
sint_(days),1,13,6150000,346410.1615,1125000,742882.8979,1.591109308,0.007968075,12.115,0.417193001,18.3,0.707106781,6.7,0.141421356,1.732613086,0.1287638,6.006722555,0.446405736,0.025727333,0.036383944,14.14500573,1.051224129,2.609837948,0.193957124,1.883541788,0.139980472,5.406078214,0.401767237,3.571557823,0.265429922,0,0,1.925806634,0.143121498,5.293019557,0.393364979,2.064979492,0.153464503,1.0051507,0.074700477,1.171693021,0.087077517,4.445289992,0.330363677,5.341886186,0.396996633,1.794115325,0.133334504,0.023294585,0.0017312,0.79401437,0.059009313,4.529602201,0.336629565
sd.sint_(days),0,14,6266666.667,1357694.124,2058333.333,310577.4192,1.700173099,0.053692574,13.445,0.403050865,9.75,0.636396103,9.4,0.989949494,1.65208178,0.018287993,5.529687255,0.061211788,0.012251111,0.001060977,16.35878715,0.181086302,2.537315384,0.028087233,0.739961541,0.008191127,5.226358204,0.057854037,4.143329389,0.04586527,0,0,2.153026375,0.023833282,5.907278042,0.065391592,2.354107986,0.026059188,1.127822419,0.012484617,1.341700883,0.01485218,4.733603535,0.052399408,4.357769201,0.048239047,1.781657445,0.019722352,0.015607455,0.000172769,0.825117824,0.009133778,4.84936159,0.053680811
VOUT_(L),0.002,Cin,0,0,0,0,0,0,0,0,144,0,0,0,0,0,21.35,0,0,0,0,0,8.07,0,73.64,0,13.72,0,0,0,2.72,0,8.66,0,18.9,0,10.46,0,3.67,0,5.48,0,10.12,0,29.43,0,6.51,0,2.16,0,4.15,0,14.52,0
sd.VOUT_(L),0,STDEVCin,0,0,0,0,0,0,0,0,1,0,0,0,0,0,1,0,0,0,0,0,0.5,0,1,0,1,0,0,0,0.5,0,0.5,0,1,0,1,0,0.5,0,0.5,0,1,0,1,0,0.5,0,0.5,0,0.5,0,1,0
tS_(days),0.00069444,k,0,0,0,0,0,0,0.0744,0,0,0,0,0,-0.0744,0,0,0,0,0,0,0,0,0,0,0,0,0,0,0,0,0,0,0,0,0,0,0,0,0,0,0,0,0,0,0,0,0,0,0,0,0,0,0
sd.tS_(days),0,STDEVk,0,0,0,0,0,0,0.001,0,0,0,0,0,0.001,0,0,0,0,0,0,0,0,0,0,0,0,0,0,0,0,0,0,0,0,0,0,0,0,0,0,0,0,0,0,0,0,0,0,0,0,0,0,0
VOUTafF_(L),0.0006,,,,,,,,,,,,,,,,,,,,,,,,,,,,,,,,,,,,,,,,,,,,,,,,,,,,,
sd.VOUTafF_(L),0,AVERAGE,,516333.1023,,123547.7102,,0.017385337,,0.156977705,,0.664680374,,0.373076238,,0.024599961,,0.126970777,,0.009264332,,,,,,,,,,,,,,,,,,,,,,,,,,,,,,,,,,
tSafF_(days),0.00034722,,,516333.1023,,123547.7102,,0.017385337,,0.156977705,,0.664680374,,0.373076238,,0.024599961,,0.126970777,,0.009264332,,,,,,,,,,,,,,,,,,,,,,,,,,,,,,,,,,
sd.tSafF_(days),0,,,,,,,,,,,,,,,,,,,,,,,,,,,,,,,,,,,,,,,,,,,,,,,,,,,,,
